file_no,process_name,pid,tid
0,Socket Thread,17289,17300
0,/usr/bin/firefox,17289,17289
0,/usr/bin/firefox,17289,17295
0,/opt/firefox31/plugin-container,17333,17333
0,/opt/firefox31/plugin-container,17333,17335
0,/usr/bin/dbus-launch,17336,17336
0,sh,17338,17338
0,/bin/ps,17339,17339
0,/bin/grep,17340,17340
0,/opt/firefox31/plugin-container,17346,17346
0,/opt/firefox31/plugin-container,17346,17347
1,/usr/bin/firefox,17369,17369
1,dconf worker,17369,17372
1,/usr/bin/dbus-launch,17373,17373
1,/usr/bin/firefox,17371,17371
1,/usr/bin/firefox,17369,17384
1,/usr/bin/firefox,17369,17388
1,/usr/bin/dbus-launch,17409,17409
1,/usr/bin/firefox,17369,17380
1,/usr/bin/firefox,17369,17379
1,/opt/firefox31/plugin-container,17419,17419
1,/opt/firefox31/plugin-container,17419,17421
1,/usr/bin/dbus-launch,17422,17422
1,sh,17424,17424
1,/bin/ps,17425,17425
1,/bin/grep,17426,17426
1,/opt/firefox31/plugin-container,17432,17432
1,/opt/firefox31/plugin-container,17432,17434
2,/usr/bin/firefox,17456,17456
2,dconf worker,17456,17459
2,/usr/bin/dbus-launch,17460,17460
2,/usr/bin/firefox,17458,17458
2,/usr/bin/firefox,17456,17471
2,/usr/bin/firefox,17456,17475
2,/usr/bin/dbus-launch,17498,17498
2,/usr/bin/firefox,17456,17467
2,/usr/bin/firefox,17456,17466
2,/opt/firefox31/plugin-container,17507,17507
2,/opt/firefox31/plugin-container,17507,17509
2,/usr/bin/dbus-launch,17510,17510
2,sh,17512,17512
2,/bin/ps,17513,17513
2,/bin/grep,17514,17514
2,/opt/firefox31/plugin-container,17520,17520
2,/opt/firefox31/plugin-container,17520,17521
3,/usr/bin/firefox,17544,17544
3,dconf worker,17544,17547
3,/usr/bin/dbus-launch,17548,17548
3,/usr/bin/firefox,17546,17546
3,/usr/bin/firefox,17544,17559
3,/usr/bin/firefox,17544,17563
3,/usr/bin/dbus-launch,17588,17588
3,/usr/bin/firefox,17544,17555
3,/usr/bin/firefox,17544,17554
3,/opt/firefox31/plugin-container,17598,17598
3,/opt/firefox31/plugin-container,17598,17600
3,/usr/bin/dbus-launch,17601,17601
3,sh,17603,17603
3,/bin/ps,17604,17604
3,/bin/grep,17605,17605
3,/opt/firefox31/plugin-container,17611,17611
3,/opt/firefox31/plugin-container,17611,17612
4,/usr/bin/firefox,17634,17634
4,dconf worker,17634,17637
4,/usr/bin/dbus-launch,17638,17638
4,/usr/bin/firefox,17636,17636
4,/usr/bin/firefox,17634,17649
4,/usr/bin/firefox,17634,17653
4,/usr/bin/dbus-launch,17673,17673
4,/usr/bin/firefox,17634,17645
4,/usr/bin/firefox,17634,17644
4,/opt/firefox31/plugin-container,17682,17682
4,/opt/firefox31/plugin-container,17682,17684
4,/usr/bin/dbus-launch,17685,17685
4,sh,17687,17687
4,/bin/ps,17688,17688
4,/bin/grep,17689,17689
4,/opt/firefox31/plugin-container,17695,17695
4,/opt/firefox31/plugin-container,17695,17696
5,/usr/bin/firefox,17719,17719
5,dconf worker,17719,17722
5,/usr/bin/dbus-launch,17723,17723
5,/usr/bin/firefox,17721,17721
5,/usr/bin/firefox,17719,17734
5,/usr/bin/firefox,17719,17738
5,/usr/bin/dbus-launch,17762,17762
5,/usr/bin/firefox,17719,17730
5,/usr/bin/firefox,17719,17729
5,/opt/firefox31/plugin-container,17771,17771
5,/opt/firefox31/plugin-container,17771,17773
5,/usr/bin/dbus-launch,17774,17774
5,sh,17776,17776
5,/bin/ps,17777,17777
5,/bin/grep,17778,17778
5,/opt/firefox31/plugin-container,17784,17784
5,/opt/firefox31/plugin-container,17784,17785
6,/usr/bin/firefox,17807,17807
6,dconf worker,17807,17810
6,/usr/bin/dbus-launch,17811,17811
6,/usr/bin/firefox,17809,17809
6,/usr/bin/firefox,17807,17822
6,/usr/bin/firefox,17807,17827
6,/usr/bin/dbus-launch,17849,17849
6,/usr/bin/firefox,17807,17818
6,/usr/bin/firefox,17807,17817
6,/opt/firefox31/plugin-container,17858,17858
6,/opt/firefox31/plugin-container,17858,17860
6,/usr/bin/dbus-launch,17861,17861
6,sh,17863,17863
6,/bin/ps,17864,17864
6,/bin/grep,17865,17865
6,/opt/firefox31/plugin-container,17871,17871
6,/opt/firefox31/plugin-container,17871,17872
7,/usr/bin/firefox,17894,17894
7,dconf worker,17894,17897
7,/usr/bin/dbus-launch,17898,17898
7,/usr/bin/firefox,17896,17896
7,/usr/bin/firefox,17894,17909
7,/usr/bin/firefox,17894,17913
7,/usr/bin/dbus-launch,17938,17938
7,/usr/bin/firefox,17894,17901
7,/usr/bin/firefox,17894,17900
7,/opt/firefox31/plugin-container,17947,17947
7,/opt/firefox31/plugin-container,17947,17949
7,/usr/bin/dbus-launch,17950,17950
7,sh,17952,17952
7,/bin/ps,17953,17953
7,/bin/grep,17954,17954
7,/opt/firefox31/plugin-container,17960,17960
7,/opt/firefox31/plugin-container,17960,17961
8,/usr/bin/firefox,17984,17984
8,dconf worker,17984,17987
8,/usr/bin/dbus-launch,17988,17988
8,/usr/bin/firefox,17986,17986
8,/usr/bin/firefox,17984,17999
8,/usr/bin/firefox,17984,18003
8,/usr/bin/dbus-launch,18029,18029
8,/usr/bin/firefox,17984,17995
8,/usr/bin/firefox,17984,17994
8,/opt/firefox31/plugin-container,18038,18038
8,/opt/firefox31/plugin-container,18038,18040
8,/usr/bin/dbus-launch,18041,18041
8,sh,18043,18043
8,/bin/ps,18044,18044
8,/bin/grep,18045,18045
8,/opt/firefox31/plugin-container,18051,18051
8,/opt/firefox31/plugin-container,18051,18052
9,/usr/bin/firefox,18074,18074
9,dconf worker,18074,18077
9,/usr/bin/dbus-launch,18078,18078
9,/usr/bin/firefox,18076,18076
9,/usr/bin/firefox,18074,18089
9,/usr/bin/firefox,18074,18093
9,/usr/bin/dbus-launch,18111,18111
9,/usr/bin/firefox,18074,18085
9,/usr/bin/firefox,18074,18084
9,/opt/firefox31/plugin-container,18120,18120
9,/opt/firefox31/plugin-container,18120,18122
9,/usr/bin/dbus-launch,18123,18123
9,sh,18125,18125
9,/bin/ps,18126,18126
9,/bin/grep,18127,18127
9,/opt/firefox31/plugin-container,18134,18134
9,/opt/firefox31/plugin-container,18134,18135
10,/usr/bin/firefox,18157,18157
10,dconf worker,18157,18160
10,/usr/bin/dbus-launch,18161,18161
10,/usr/bin/firefox,18159,18159
10,/usr/bin/firefox,18157,18172
10,/usr/bin/firefox,18157,18176
10,/usr/bin/dbus-launch,18199,18199
10,/usr/bin/firefox,18157,18168
10,/usr/bin/firefox,18157,18167
10,/opt/firefox31/plugin-container,18208,18208
10,/opt/firefox31/plugin-container,18208,18210
10,/usr/bin/dbus-launch,18211,18211
10,sh,18213,18213
10,/bin/ps,18214,18214
10,/bin/grep,18215,18215
10,/opt/firefox31/plugin-container,18221,18221
10,/opt/firefox31/plugin-container,18221,18222
11,/usr/bin/firefox,18245,18245
11,dconf worker,18245,18248
11,/usr/bin/dbus-launch,18249,18249
11,/usr/bin/firefox,18247,18247
11,/usr/bin/firefox,18245,18260
11,/usr/bin/firefox,18245,18264
11,/usr/bin/dbus-launch,18288,18288
11,/usr/bin/firefox,18245,18256
11,/usr/bin/firefox,18245,18255
11,/opt/firefox31/plugin-container,18297,18297
11,/opt/firefox31/plugin-container,18297,18299
11,/usr/bin/dbus-launch,18300,18300
11,sh,18302,18302
11,/bin/ps,18303,18303
11,/bin/grep,18304,18304
11,/opt/firefox31/plugin-container,18310,18310
11,/opt/firefox31/plugin-container,18310,18311
12,/usr/bin/firefox,18334,18334
12,dconf worker,18334,18337
12,/usr/bin/dbus-launch,18338,18338
12,/usr/bin/firefox,18336,18336
12,/usr/bin/firefox,18334,18349
12,/usr/bin/firefox,18334,18353
12,/usr/bin/dbus-launch,18371,18371
12,/usr/bin/firefox,18334,18345
12,/usr/bin/firefox,18334,18344
12,/opt/firefox31/plugin-container,18380,18380
12,/opt/firefox31/plugin-container,18380,18382
12,/usr/bin/dbus-launch,18383,18383
12,sh,18385,18385
12,/bin/ps,18386,18386
12,/bin/grep,18387,18387
12,/opt/firefox31/plugin-container,18393,18393
12,/opt/firefox31/plugin-container,18393,18395
13,/usr/bin/firefox,18417,18417
13,dconf worker,18417,18420
13,/usr/bin/dbus-launch,18421,18421
13,/usr/bin/firefox,18419,18419
13,/usr/bin/firefox,18417,18432
13,/usr/bin/firefox,18417,18436
13,/usr/bin/dbus-launch,18463,18463
13,/usr/bin/firefox,18417,18428
13,/usr/bin/firefox,18417,18427
13,/opt/firefox31/plugin-container,18472,18472
13,/opt/firefox31/plugin-container,18472,18474
13,/usr/bin/dbus-launch,18475,18475
13,sh,18477,18477
13,/bin/ps,18478,18478
13,/bin/grep,18479,18479
13,/opt/firefox31/plugin-container,18485,18485
13,/opt/firefox31/plugin-container,18485,18486
14,/usr/bin/firefox,18509,18509
14,dconf worker,18509,18512
14,/usr/bin/dbus-launch,18513,18513
14,/usr/bin/firefox,18511,18511
14,/usr/bin/firefox,18509,18524
14,/usr/bin/firefox,18509,18528
14,/usr/bin/dbus-launch,18555,18555
14,/usr/bin/firefox,18509,18520
14,/usr/bin/firefox,18509,18519
14,/opt/firefox31/plugin-container,18564,18564
14,/opt/firefox31/plugin-container,18564,18566
14,/usr/bin/dbus-launch,18567,18567
14,sh,18569,18569
14,/bin/ps,18570,18570
14,/bin/grep,18571,18571
14,/opt/firefox31/plugin-container,18577,18577
14,/opt/firefox31/plugin-container,18577,18578
15,/usr/bin/firefox,18600,18600
15,dconf worker,18600,18603
15,/usr/bin/dbus-launch,18604,18604
15,/usr/bin/firefox,18602,18602
15,/usr/bin/firefox,18600,18615
15,/usr/bin/firefox,18600,18619
15,/usr/bin/dbus-launch,18634,18634
15,/usr/bin/firefox,18600,18611
15,/usr/bin/firefox,18600,18610
15,/opt/firefox31/plugin-container,18643,18643
15,/opt/firefox31/plugin-container,18643,18645
15,/usr/bin/dbus-launch,18646,18646
15,sh,18648,18648
15,/bin/ps,18649,18649
15,/bin/grep,18650,18650
15,/opt/firefox31/plugin-container,18656,18656
15,/opt/firefox31/plugin-container,18656,18657
16,/usr/bin/firefox,18680,18680
16,dconf worker,18680,18683
16,/usr/bin/dbus-launch,18684,18684
16,/usr/bin/firefox,18682,18682
16,/usr/bin/firefox,18680,18695
16,/usr/bin/firefox,18680,18699
16,/usr/bin/dbus-launch,18723,18723
16,/usr/bin/firefox,18680,18691
16,/usr/bin/firefox,18680,18690
16,/opt/firefox31/plugin-container,18733,18733
16,/opt/firefox31/plugin-container,18733,18735
16,/usr/bin/dbus-launch,18736,18736
16,sh,18738,18738
16,/bin/ps,18739,18739
16,/bin/grep,18740,18740
16,/opt/firefox31/plugin-container,18746,18746
16,/opt/firefox31/plugin-container,18746,18747
17,/usr/bin/firefox,18769,18769
17,dconf worker,18769,18772
17,/usr/bin/dbus-launch,18773,18773
17,/usr/bin/firefox,18771,18771
17,/usr/bin/firefox,18769,18784
17,/usr/bin/firefox,18769,18788
17,/usr/bin/dbus-launch,18812,18812
17,/usr/bin/firefox,18769,18780
17,/usr/bin/firefox,18769,18779
17,/opt/firefox31/plugin-container,18822,18822
17,/opt/firefox31/plugin-container,18822,18824
17,/usr/bin/dbus-launch,18825,18825
17,sh,18827,18827
17,/bin/ps,18828,18828
17,/bin/grep,18829,18829
17,/opt/firefox31/plugin-container,18835,18835
17,/opt/firefox31/plugin-container,18835,18836
18,/usr/bin/firefox,18858,18858
18,dconf worker,18858,18861
18,/usr/bin/dbus-launch,18862,18862
18,/usr/bin/firefox,18860,18860
18,/usr/bin/firefox,18858,18873
18,/usr/bin/firefox,18858,18877
18,/usr/bin/dbus-launch,18899,18899
18,/usr/bin/firefox,18858,18869
18,/usr/bin/firefox,18858,18868
18,/opt/firefox31/plugin-container,18909,18909
18,/opt/firefox31/plugin-container,18909,18911
18,/usr/bin/dbus-launch,18912,18912
18,sh,18914,18914
18,/bin/ps,18915,18915
18,/bin/grep,18916,18916
18,/opt/firefox31/plugin-container,18922,18922
18,/opt/firefox31/plugin-container,18922,18923
19,/usr/bin/firefox,18946,18946
19,dconf worker,18946,18949
19,/usr/bin/dbus-launch,18950,18950
19,/usr/bin/firefox,18948,18948
19,/usr/bin/firefox,18946,18961
19,/usr/bin/firefox,18946,18965
19,/usr/bin/dbus-launch,18989,18989
19,/usr/bin/firefox,18946,18953
19,/usr/bin/firefox,18946,18952
19,/opt/firefox31/plugin-container,18999,18999
19,/opt/firefox31/plugin-container,18999,19001
19,/usr/bin/dbus-launch,19002,19002
19,sh,19004,19004
19,/bin/ps,19005,19005
19,/bin/grep,19006,19006
19,/opt/firefox31/plugin-container,19012,19012
19,/opt/firefox31/plugin-container,19012,19013
20,/usr/bin/firefox,19035,19035
20,dconf worker,19035,19038
20,/usr/bin/dbus-launch,19039,19039
20,/usr/bin/firefox,19037,19037
20,/usr/bin/firefox,19035,19050
20,/usr/bin/firefox,19035,19054
20,/usr/bin/dbus-launch,19079,19079
20,/usr/bin/firefox,19035,19046
20,/usr/bin/firefox,19035,19045
20,/opt/firefox31/plugin-container,19088,19088
20,/opt/firefox31/plugin-container,19088,19090
20,/usr/bin/dbus-launch,19091,19091
20,sh,19093,19093
20,/bin/ps,19094,19094
20,/bin/grep,19095,19095
20,/opt/firefox31/plugin-container,19102,19102
20,/opt/firefox31/plugin-container,19102,19103
21,/usr/bin/firefox,19125,19125
21,dconf worker,19125,19128
21,/usr/bin/dbus-launch,19129,19129
21,/usr/bin/firefox,19127,19127
21,/usr/bin/firefox,19125,19140
21,/usr/bin/firefox,19125,19144
21,/usr/bin/dbus-launch,19165,19165
21,/usr/bin/firefox,19125,19136
21,/usr/bin/firefox,19125,19135
21,/opt/firefox31/plugin-container,19174,19174
21,/opt/firefox31/plugin-container,19174,19176
21,/usr/bin/dbus-launch,19177,19177
21,sh,19179,19179
21,/bin/ps,19180,19180
21,/bin/grep,19181,19181
21,/opt/firefox31/plugin-container,19187,19187
21,/opt/firefox31/plugin-container,19187,19188
22,/usr/bin/firefox,19211,19211
22,dconf worker,19211,19214
22,/usr/bin/dbus-launch,19215,19215
22,/usr/bin/firefox,19213,19213
22,/usr/bin/firefox,19211,19226
22,/usr/bin/firefox,19211,19230
22,/usr/bin/dbus-launch,19251,19251
22,/usr/bin/firefox,19211,19222
22,/usr/bin/firefox,19211,19221
22,/opt/firefox31/plugin-container,19261,19261
22,/opt/firefox31/plugin-container,19261,19263
22,/usr/bin/dbus-launch,19264,19264
22,sh,19266,19266
22,/bin/ps,19267,19267
22,/bin/grep,19268,19268
22,/opt/firefox31/plugin-container,19274,19274
22,/opt/firefox31/plugin-container,19274,19275
23,/usr/bin/firefox,19297,19297
23,dconf worker,19297,19300
23,/usr/bin/dbus-launch,19301,19301
23,/usr/bin/firefox,19299,19299
23,/usr/bin/firefox,19297,19312
23,/usr/bin/firefox,19297,19316
23,/usr/bin/dbus-launch,19340,19340
23,/usr/bin/firefox,19297,19308
23,/usr/bin/firefox,19297,19307
23,/opt/firefox31/plugin-container,19349,19349
23,/opt/firefox31/plugin-container,19349,19351
23,/usr/bin/dbus-launch,19352,19352
23,sh,19354,19354
23,/bin/ps,19355,19355
23,/bin/grep,19356,19356
23,/opt/firefox31/plugin-container,19362,19362
23,/opt/firefox31/plugin-container,19362,19363
24,/usr/bin/firefox,19386,19386
24,dconf worker,19386,19389
24,/usr/bin/dbus-launch,19390,19390
24,/usr/bin/firefox,19388,19388
24,/usr/bin/firefox,19386,19401
24,/usr/bin/firefox,19386,19405
24,/usr/bin/dbus-launch,19432,19432
24,/usr/bin/firefox,19386,19397
24,/usr/bin/firefox,19386,19396
24,/opt/firefox31/plugin-container,19442,19442
24,/opt/firefox31/plugin-container,19442,19444
24,/usr/bin/dbus-launch,19445,19445
24,sh,19447,19447
24,/bin/grep,19449,19449
24,/bin/ps,19448,19448
24,/opt/firefox31/plugin-container,19455,19455
24,/opt/firefox31/plugin-container,19455,19456
25,/usr/bin/firefox,19479,19479
25,dconf worker,19479,19482
25,/usr/bin/dbus-launch,19483,19483
25,/usr/bin/firefox,19481,19481
25,/usr/bin/firefox,19479,19494
25,/usr/bin/firefox,19479,19498
25,/usr/bin/dbus-launch,19516,19516
25,/usr/bin/firefox,19479,19490
25,/usr/bin/firefox,19479,19489
25,/opt/firefox31/plugin-container,19526,19526
25,/opt/firefox31/plugin-container,19526,19528
25,/usr/bin/dbus-launch,19529,19529
25,sh,19531,19531
25,/bin/ps,19532,19532
25,/bin/grep,19533,19533
25,/opt/firefox31/plugin-container,19539,19539
25,/opt/firefox31/plugin-container,19539,19540
26,/usr/bin/firefox,19562,19562
26,dconf worker,19562,19565
26,/usr/bin/dbus-launch,19566,19566
26,/usr/bin/firefox,19564,19564
26,/usr/bin/firefox,19562,19577
26,/usr/bin/firefox,19562,19581
26,/usr/bin/dbus-launch,19603,19603
26,/usr/bin/firefox,19562,19573
26,/usr/bin/firefox,19562,19572
26,/opt/firefox31/plugin-container,19613,19613
26,/opt/firefox31/plugin-container,19613,19615
26,/usr/bin/dbus-launch,19616,19616
26,sh,19618,19618
26,/bin/ps,19619,19619
26,/bin/grep,19620,19620
26,/opt/firefox31/plugin-container,19626,19626
26,/opt/firefox31/plugin-container,19626,19627
27,/usr/bin/firefox,19650,19650
27,dconf worker,19650,19653
27,/usr/bin/dbus-launch,19654,19654
27,/usr/bin/firefox,19652,19652
27,/usr/bin/firefox,19650,19665
27,/usr/bin/firefox,19650,19669
27,/usr/bin/dbus-launch,19694,19694
27,/usr/bin/firefox,19650,19661
27,/usr/bin/firefox,19650,19660
27,/opt/firefox31/plugin-container,19703,19703
27,/opt/firefox31/plugin-container,19703,19705
27,/usr/bin/dbus-launch,19706,19706
27,sh,19708,19708
27,/bin/ps,19709,19709
27,/bin/grep,19710,19710
27,/opt/firefox31/plugin-container,19716,19716
27,/opt/firefox31/plugin-container,19716,19717
28,/usr/bin/firefox,19739,19739
28,dconf worker,19739,19742
28,/usr/bin/dbus-launch,19743,19743
28,/usr/bin/firefox,19741,19741
28,/usr/bin/firefox,19739,19754
28,/usr/bin/firefox,19739,19758
28,/usr/bin/dbus-launch,19776,19776
28,/usr/bin/firefox,19739,19750
28,/usr/bin/firefox,19739,19749
28,/opt/firefox31/plugin-container,19786,19786
28,/opt/firefox31/plugin-container,19786,19788
28,/usr/bin/dbus-launch,19789,19789
28,sh,19791,19791
28,/bin/ps,19792,19792
28,/bin/grep,19793,19793
28,/opt/firefox31/plugin-container,19799,19799
28,/opt/firefox31/plugin-container,19799,19800
29,/usr/bin/firefox,19822,19822
29,dconf worker,19822,19825
29,/usr/bin/dbus-launch,19826,19826
29,/usr/bin/firefox,19824,19824
29,/usr/bin/firefox,19822,19837
29,/usr/bin/firefox,19822,19841
29,/usr/bin/dbus-launch,19868,19868
29,/usr/bin/firefox,19822,19833
29,/usr/bin/firefox,19822,19832
29,/opt/firefox31/plugin-container,19877,19877
29,/opt/firefox31/plugin-container,19877,19879
29,/usr/bin/dbus-launch,19880,19880
29,sh,19882,19882
29,/bin/ps,19883,19883
29,/bin/grep,19884,19884
29,/opt/firefox31/plugin-container,19890,19890
29,/opt/firefox31/plugin-container,19890,19891
30,/usr/bin/firefox,19914,19914
30,dconf worker,19914,19917
30,/usr/bin/dbus-launch,19918,19918
30,/usr/bin/firefox,19916,19916
30,/usr/bin/firefox,19914,19929
30,/usr/bin/firefox,19914,19933
30,/usr/bin/dbus-launch,19956,19956
30,/usr/bin/firefox,19914,19925
30,/usr/bin/firefox,19914,19924
30,/opt/firefox31/plugin-container,19965,19965
30,/opt/firefox31/plugin-container,19965,19967
30,/usr/bin/dbus-launch,19968,19968
30,sh,19970,19970
30,/bin/ps,19971,19971
30,/bin/grep,19972,19972
30,/opt/firefox31/plugin-container,19978,19978
30,/opt/firefox31/plugin-container,19978,19979
31,/usr/bin/firefox,20001,20001
31,dconf worker,20001,20004
31,/usr/bin/dbus-launch,20005,20005
31,/usr/bin/firefox,20003,20003
31,/usr/bin/firefox,20001,20016
31,/usr/bin/firefox,20001,20020
31,/usr/bin/dbus-launch,20036,20036
31,/usr/bin/firefox,20001,20012
31,/usr/bin/firefox,20001,20011
31,/opt/firefox31/plugin-container,20045,20045
31,/opt/firefox31/plugin-container,20045,20047
31,/usr/bin/dbus-launch,20048,20048
31,sh,20050,20050
31,/bin/ps,20051,20051
31,/bin/grep,20052,20052
32,/usr/bin/firefox,20074,20074
32,dconf worker,20074,20077
32,/usr/bin/dbus-launch,20078,20078
32,/usr/bin/firefox,20076,20076
32,/usr/bin/firefox,20074,20089
32,/usr/bin/firefox,20074,20093
32,/usr/bin/dbus-launch,20114,20114
32,/usr/bin/firefox,20074,20085
32,/usr/bin/firefox,20074,20084
32,/opt/firefox31/plugin-container,20123,20123
32,/opt/firefox31/plugin-container,20123,20125
32,/usr/bin/dbus-launch,20126,20126
32,sh,20128,20128
32,/bin/ps,20129,20129
32,/bin/grep,20130,20130
32,/opt/firefox31/plugin-container,20136,20136
32,/opt/firefox31/plugin-container,20136,20140
33,/usr/bin/firefox,20163,20163
33,dconf worker,20163,20166
33,/usr/bin/dbus-launch,20167,20167
33,/usr/bin/firefox,20165,20165
33,/usr/bin/firefox,20163,20178
33,/usr/bin/firefox,20163,20182
33,/usr/bin/dbus-launch,20205,20205
33,/usr/bin/firefox,20163,20174
33,/usr/bin/firefox,20163,20173
33,/opt/firefox31/plugin-container,20214,20214
33,/opt/firefox31/plugin-container,20214,20216
33,/usr/bin/dbus-launch,20217,20217
33,sh,20219,20219
33,/bin/ps,20220,20220
33,/bin/grep,20221,20221
34,/usr/bin/firefox,20240,20240
34,dconf worker,20240,20243
34,/usr/bin/dbus-launch,20244,20244
34,/usr/bin/firefox,20242,20242
34,/usr/bin/firefox,20240,20255
34,/usr/bin/firefox,20240,20259
34,/usr/bin/dbus-launch,20281,20281
34,/usr/bin/firefox,20240,20251
34,/usr/bin/firefox,20240,20250
34,/opt/firefox31/plugin-container,20291,20291
34,/opt/firefox31/plugin-container,20291,20293
34,/usr/bin/dbus-launch,20294,20294
34,sh,20296,20296
34,/bin/ps,20297,20297
34,/bin/grep,20298,20298
35,/usr/bin/firefox,20318,20318
35,dconf worker,20318,20321
35,/usr/bin/dbus-launch,20322,20322
35,/usr/bin/firefox,20320,20320
35,/usr/bin/firefox,20318,20333
35,/usr/bin/firefox,20318,20337
35,/usr/bin/dbus-launch,20362,20362
35,/usr/bin/firefox,20318,20329
35,/usr/bin/firefox,20318,20328
35,/opt/firefox31/plugin-container,20371,20371
35,/opt/firefox31/plugin-container,20371,20373
35,/usr/bin/dbus-launch,20374,20374
35,sh,20376,20376
35,/bin/ps,20377,20377
35,/bin/grep,20378,20378
35,/opt/firefox31/plugin-container,20384,20384
35,/opt/firefox31/plugin-container,20384,20385
36,/usr/bin/firefox,20408,20408
36,dconf worker,20408,20411
36,/usr/bin/dbus-launch,20412,20412
36,/usr/bin/firefox,20410,20410
36,/usr/bin/firefox,20408,20423
36,/usr/bin/firefox,20408,20427
36,/usr/bin/dbus-launch,20447,20447
36,/usr/bin/firefox,20408,20419
36,/usr/bin/firefox,20408,20418
36,/opt/firefox31/plugin-container,20456,20456
36,/opt/firefox31/plugin-container,20456,20458
36,/usr/bin/dbus-launch,20459,20459
36,sh,20461,20461
36,/bin/ps,20462,20462
36,/bin/grep,20463,20463
36,/opt/firefox31/plugin-container,20469,20469
36,/opt/firefox31/plugin-container,20469,20470
37,/usr/bin/firefox,20492,20492
37,dconf worker,20492,20495
37,/usr/bin/dbus-launch,20496,20496
37,/usr/bin/firefox,20494,20494
37,/usr/bin/firefox,20492,20507
37,/usr/bin/firefox,20492,20511
37,/usr/bin/dbus-launch,20535,20535
37,/usr/bin/firefox,20492,20503
37,/usr/bin/firefox,20492,20502
37,/opt/firefox31/plugin-container,20545,20545
37,/opt/firefox31/plugin-container,20545,20547
37,/usr/bin/dbus-launch,20548,20548
37,sh,20550,20550
37,/bin/ps,20551,20551
37,/bin/grep,20552,20552
37,/opt/firefox31/plugin-container,20558,20558
37,/opt/firefox31/plugin-container,20558,20559
38,/usr/bin/firefox,20582,20582
38,dconf worker,20582,20585
38,/usr/bin/dbus-launch,20586,20586
38,/usr/bin/firefox,20584,20584
38,/usr/bin/firefox,20582,20597
38,/usr/bin/firefox,20582,20601
38,/usr/bin/dbus-launch,20625,20625
38,/usr/bin/firefox,20582,20593
38,/usr/bin/firefox,20582,20592
38,/opt/firefox31/plugin-container,20634,20634
38,/opt/firefox31/plugin-container,20634,20636
38,/usr/bin/dbus-launch,20637,20637
38,sh,20639,20639
38,/bin/ps,20640,20640
38,/bin/grep,20641,20641
38,/opt/firefox31/plugin-container,20647,20647
38,/opt/firefox31/plugin-container,20647,20648
39,/usr/bin/firefox,20670,20670
39,dconf worker,20670,20673
39,/usr/bin/dbus-launch,20674,20674
39,/usr/bin/firefox,20672,20672
39,/usr/bin/firefox,20670,20685
39,/usr/bin/firefox,20670,20689
39,/usr/bin/dbus-launch,20715,20715
39,/usr/bin/firefox,20670,20681
39,/usr/bin/firefox,20670,20680
39,/opt/firefox31/plugin-container,20725,20725
39,/opt/firefox31/plugin-container,20725,20727
39,/usr/bin/dbus-launch,20728,20728
39,sh,20730,20730
39,/bin/ps,20731,20731
39,/bin/grep,20732,20732
39,/opt/firefox31/plugin-container,20739,20739
39,/opt/firefox31/plugin-container,20739,20740
40,/usr/bin/firefox,20762,20762
40,dconf worker,20762,20765
40,/usr/bin/dbus-launch,20766,20766
40,/usr/bin/firefox,20764,20764
40,/usr/bin/firefox,20762,20777
40,/usr/bin/firefox,20762,20781
40,/usr/bin/dbus-launch,20800,20800
40,/usr/bin/firefox,20762,20773
40,/usr/bin/firefox,20762,20772
40,/opt/firefox31/plugin-container,20809,20809
40,/opt/firefox31/plugin-container,20809,20811
40,/usr/bin/dbus-launch,20812,20812
40,sh,20814,20814
40,/bin/ps,20815,20815
40,/bin/grep,20816,20816
40,/opt/firefox31/plugin-container,20822,20822
40,/opt/firefox31/plugin-container,20822,20823
41,/usr/bin/firefox,20847,20847
41,dconf worker,20847,20850
41,/usr/bin/dbus-launch,20851,20851
41,/usr/bin/firefox,20849,20849
41,/usr/bin/firefox,20847,20862
41,/usr/bin/firefox,20847,20866
41,/usr/bin/dbus-launch,20887,20887
41,/usr/bin/firefox,20847,20858
41,/usr/bin/firefox,20847,20857
41,/opt/firefox31/plugin-container,20896,20896
41,/opt/firefox31/plugin-container,20896,20898
41,/usr/bin/dbus-launch,20899,20899
41,sh,20901,20901
41,/bin/ps,20902,20902
41,/bin/grep,20903,20903
41,/opt/firefox31/plugin-container,20909,20909
41,/opt/firefox31/plugin-container,20909,20910
42,/usr/bin/firefox,20932,20932
42,dconf worker,20932,20935
42,/usr/bin/dbus-launch,20936,20936
42,/usr/bin/firefox,20934,20934
42,/usr/bin/firefox,20932,20947
42,/usr/bin/firefox,20932,20951
42,/usr/bin/dbus-launch,20976,20976
42,/usr/bin/firefox,20932,20943
42,/usr/bin/firefox,20932,20942
42,/opt/firefox31/plugin-container,20985,20985
42,/opt/firefox31/plugin-container,20985,20987
42,/usr/bin/dbus-launch,20988,20988
42,sh,20990,20990
42,/bin/ps,20991,20991
42,/bin/grep,20992,20992
42,/opt/firefox31/plugin-container,20998,20998
42,/opt/firefox31/plugin-container,20998,21000
43,/usr/bin/firefox,21022,21022
43,dconf worker,21022,21025
43,/usr/bin/dbus-launch,21026,21026
43,/usr/bin/firefox,21024,21024
43,/usr/bin/firefox,21022,21037
43,/usr/bin/firefox,21022,21041
43,/usr/bin/dbus-launch,21064,21064
43,/usr/bin/firefox,21022,21033
43,/usr/bin/firefox,21022,21032
43,/opt/firefox31/plugin-container,21073,21073
43,/opt/firefox31/plugin-container,21073,21075
43,/usr/bin/dbus-launch,21076,21076
43,sh,21078,21078
43,/bin/ps,21079,21079
43,/bin/grep,21080,21080
43,/opt/firefox31/plugin-container,21086,21086
43,/opt/firefox31/plugin-container,21086,21087
44,/usr/bin/firefox,21110,21110
44,dconf worker,21110,21113
44,/usr/bin/dbus-launch,21114,21114
44,/usr/bin/firefox,21112,21112
44,/usr/bin/firefox,21110,21125
44,/usr/bin/firefox,21110,21129
44,/usr/bin/dbus-launch,21154,21154
44,/usr/bin/firefox,21110,21121
44,/usr/bin/firefox,21110,21120
44,/opt/firefox31/plugin-container,21164,21164
44,/opt/firefox31/plugin-container,21164,21166
44,/usr/bin/dbus-launch,21167,21167
44,sh,21169,21169
44,/bin/ps,21170,21170
44,/bin/grep,21171,21171
44,/opt/firefox31/plugin-container,21177,21177
44,/opt/firefox31/plugin-container,21177,21178
45,/usr/bin/firefox,21200,21200
45,dconf worker,21200,21203
45,/usr/bin/dbus-launch,21204,21204
45,/usr/bin/firefox,21202,21202
45,/usr/bin/firefox,21200,21215
45,/usr/bin/firefox,21200,21219
45,/usr/bin/dbus-launch,21244,21244
45,/usr/bin/firefox,21200,21211
45,/usr/bin/firefox,21200,21210
45,/opt/firefox31/plugin-container,21253,21253
45,/opt/firefox31/plugin-container,21253,21255
45,/usr/bin/dbus-launch,21256,21256
45,sh,21258,21258
45,/bin/ps,21259,21259
45,/bin/grep,21260,21260
45,/opt/firefox31/plugin-container,21266,21266
45,/opt/firefox31/plugin-container,21266,21267
46,/usr/bin/firefox,21290,21290
46,dconf worker,21290,21293
46,/usr/bin/dbus-launch,21294,21294
46,/usr/bin/firefox,21292,21292
46,/usr/bin/firefox,21290,21305
46,/usr/bin/firefox,21290,21309
46,/usr/bin/dbus-launch,21333,21333
46,/usr/bin/firefox,21290,21301
46,/usr/bin/firefox,21290,21300
46,/opt/firefox31/plugin-container,21342,21342
46,/opt/firefox31/plugin-container,21342,21344
46,/usr/bin/dbus-launch,21345,21345
46,sh,21347,21347
46,/bin/ps,21348,21348
46,/bin/grep,21349,21349
46,/opt/firefox31/plugin-container,21355,21355
46,/opt/firefox31/plugin-container,21355,21356
47,/usr/bin/firefox,21379,21379
47,dconf worker,21379,21382
47,/usr/bin/dbus-launch,21383,21383
47,/usr/bin/firefox,21381,21381
47,/usr/bin/firefox,21379,21394
47,/usr/bin/firefox,21379,21398
47,/usr/bin/dbus-launch,21421,21421
47,/usr/bin/firefox,21379,21390
47,/usr/bin/firefox,21379,21389
47,/opt/firefox31/plugin-container,21430,21430
47,/opt/firefox31/plugin-container,21430,21432
47,/usr/bin/dbus-launch,21433,21433
47,sh,21435,21435
47,/bin/ps,21436,21436
47,/bin/grep,21437,21437
47,/opt/firefox31/plugin-container,21443,21443
47,/opt/firefox31/plugin-container,21443,21444
48,/usr/bin/firefox,21466,21466
48,dconf worker,21466,21469
48,/usr/bin/dbus-launch,21470,21470
48,/usr/bin/firefox,21468,21468
48,/usr/bin/firefox,21466,21481
48,/usr/bin/firefox,21466,21485
48,/usr/bin/dbus-launch,21506,21506
48,/usr/bin/firefox,21466,21477
48,/usr/bin/firefox,21466,21476
48,/opt/firefox31/plugin-container,21515,21515
48,/opt/firefox31/plugin-container,21515,21517
48,/usr/bin/dbus-launch,21518,21518
48,sh,21520,21520
48,/bin/ps,21521,21521
48,/bin/grep,21522,21522
48,/opt/firefox31/plugin-container,21528,21528
48,/opt/firefox31/plugin-container,21528,21529
49,/usr/bin/firefox,21552,21552
49,dconf worker,21552,21555
49,/usr/bin/dbus-launch,21556,21556
49,/usr/bin/firefox,21554,21554
49,/usr/bin/firefox,21552,21567
49,/usr/bin/firefox,21552,21571
49,/usr/bin/dbus-launch,21597,21597
49,/usr/bin/firefox,21552,21563
49,/usr/bin/firefox,21552,21562
49,/opt/firefox31/plugin-container,21606,21606
49,/opt/firefox31/plugin-container,21606,21608
49,/usr/bin/dbus-launch,21609,21609
49,sh,21611,21611
49,/bin/ps,21612,21612
49,/bin/grep,21613,21613
49,/opt/firefox31/plugin-container,21619,21619
49,/opt/firefox31/plugin-container,21619,21620
50,/usr/bin/firefox,21643,21643
50,dconf worker,21643,21646
50,/usr/bin/dbus-launch,21647,21647
50,/usr/bin/firefox,21645,21645
50,/usr/bin/firefox,21643,21658
50,/usr/bin/firefox,21643,21662
50,/usr/bin/dbus-launch,21687,21687
50,/usr/bin/firefox,21643,21654
50,/usr/bin/firefox,21643,21653
50,/opt/firefox31/plugin-container,21696,21696
50,/opt/firefox31/plugin-container,21696,21698
50,/usr/bin/dbus-launch,21699,21699
50,sh,21701,21701
50,/bin/ps,21702,21702
50,/bin/grep,21703,21703
50,/opt/firefox31/plugin-container,21710,21710
50,/opt/firefox31/plugin-container,21710,21711
51,/usr/bin/firefox,21733,21733
51,dconf worker,21733,21736
51,/usr/bin/dbus-launch,21737,21737
51,/usr/bin/firefox,21735,21735
51,/usr/bin/firefox,21733,21748
51,/usr/bin/firefox,21733,21752
51,/usr/bin/dbus-launch,21771,21771
51,/usr/bin/firefox,21733,21744
51,/usr/bin/firefox,21733,21743
51,/opt/firefox31/plugin-container,21780,21780
51,/opt/firefox31/plugin-container,21780,21782
51,/usr/bin/dbus-launch,21783,21783
51,sh,21785,21785
51,/bin/ps,21786,21786
51,/bin/grep,21787,21787
51,/opt/firefox31/plugin-container,21793,21793
51,/opt/firefox31/plugin-container,21793,21794
52,/usr/bin/firefox,21818,21818
52,dconf worker,21818,21821
52,/usr/bin/dbus-launch,21822,21822
52,/usr/bin/firefox,21820,21820
52,/usr/bin/firefox,21818,21833
52,/usr/bin/firefox,21818,21837
52,/usr/bin/dbus-launch,21866,21866
52,/usr/bin/firefox,21818,21829
52,/usr/bin/firefox,21818,21828
52,/opt/firefox31/plugin-container,21875,21875
52,/opt/firefox31/plugin-container,21875,21877
52,/usr/bin/dbus-launch,21878,21878
52,sh,21880,21880
52,/bin/ps,21881,21881
52,/bin/grep,21882,21882
52,/opt/firefox31/plugin-container,21888,21888
52,/opt/firefox31/plugin-container,21888,21889
53,/usr/bin/firefox,21911,21911
53,dconf worker,21911,21914
53,/usr/bin/dbus-launch,21915,21915
53,/usr/bin/firefox,21913,21913
53,/usr/bin/firefox,21911,21926
53,/usr/bin/firefox,21911,21930
53,/usr/bin/dbus-launch,21953,21953
53,/usr/bin/firefox,21911,21922
53,/usr/bin/firefox,21911,21921
53,/opt/firefox31/plugin-container,21962,21962
53,/opt/firefox31/plugin-container,21962,21964
53,/usr/bin/dbus-launch,21965,21965
53,sh,21967,21967
53,/bin/ps,21968,21968
53,/bin/grep,21969,21969
53,/opt/firefox31/plugin-container,21975,21975
53,/opt/firefox31/plugin-container,21975,21977
54,/usr/bin/firefox,21999,21999
54,dconf worker,21999,22002
54,/usr/bin/dbus-launch,22003,22003
54,/usr/bin/firefox,22001,22001
54,/usr/bin/firefox,21999,22014
54,/usr/bin/firefox,21999,22018
54,/usr/bin/dbus-launch,22041,22041
54,/usr/bin/firefox,21999,22010
54,/usr/bin/firefox,21999,22009
54,/opt/firefox31/plugin-container,22050,22050
54,/opt/firefox31/plugin-container,22050,22052
54,/usr/bin/dbus-launch,22053,22053
54,sh,22055,22055
54,/bin/ps,22056,22056
54,/bin/grep,22057,22057
54,/opt/firefox31/plugin-container,22063,22063
54,/opt/firefox31/plugin-container,22063,22064
55,/usr/bin/firefox,22087,22087
55,dconf worker,22087,22090
55,/usr/bin/dbus-launch,22091,22091
55,/usr/bin/firefox,22089,22089
55,/usr/bin/firefox,22087,22102
55,/usr/bin/firefox,22087,22106
55,/usr/bin/dbus-launch,22125,22125
55,/usr/bin/firefox,22087,22098
55,/usr/bin/firefox,22087,22097
55,/opt/firefox31/plugin-container,22134,22134
55,/opt/firefox31/plugin-container,22134,22136
55,/usr/bin/dbus-launch,22137,22137
55,sh,22139,22139
55,/bin/ps,22140,22140
55,/bin/grep,22141,22141
55,/opt/firefox31/plugin-container,22147,22147
55,/opt/firefox31/plugin-container,22147,22148
56,/usr/bin/firefox,22170,22170
56,dconf worker,22170,22173
56,/usr/bin/dbus-launch,22174,22174
56,/usr/bin/firefox,22172,22172
56,/usr/bin/firefox,22170,22185
56,/usr/bin/firefox,22170,22189
56,/usr/bin/dbus-launch,22214,22214
56,/usr/bin/firefox,22170,22181
56,/usr/bin/firefox,22170,22180
56,/opt/firefox31/plugin-container,22223,22223
56,/opt/firefox31/plugin-container,22223,22225
56,/usr/bin/dbus-launch,22226,22226
56,sh,22228,22228
56,/bin/ps,22229,22229
56,/bin/grep,22230,22230
56,/opt/firefox31/plugin-container,22236,22236
56,/opt/firefox31/plugin-container,22236,22237
57,/usr/bin/firefox,22260,22260
57,dconf worker,22260,22263
57,/usr/bin/dbus-launch,22264,22264
57,/usr/bin/firefox,22262,22262
57,/usr/bin/firefox,22260,22275
57,/usr/bin/firefox,22260,22279
57,/usr/bin/dbus-launch,22299,22299
57,/usr/bin/firefox,22260,22271
57,/usr/bin/firefox,22260,22270
57,/opt/firefox31/plugin-container,22308,22308
57,/opt/firefox31/plugin-container,22308,22310
57,/usr/bin/dbus-launch,22311,22311
57,sh,22313,22313
57,/bin/ps,22314,22314
57,/bin/grep,22315,22315
57,/opt/firefox31/plugin-container,22321,22321
57,/opt/firefox31/plugin-container,22321,22322
58,/usr/bin/firefox,22344,22344
58,dconf worker,22344,22347
58,/usr/bin/dbus-launch,22348,22348
58,/usr/bin/firefox,22346,22346
58,/usr/bin/firefox,22344,22360
58,/usr/bin/firefox,22344,22364
58,/usr/bin/dbus-launch,22391,22391
58,/usr/bin/firefox,22344,22355
58,/usr/bin/firefox,22344,22354
58,/opt/firefox31/plugin-container,22400,22400
58,/opt/firefox31/plugin-container,22400,22402
58,/usr/bin/dbus-launch,22403,22403
58,sh,22405,22405
58,/bin/ps,22406,22406
58,/bin/grep,22407,22407
58,/opt/firefox31/plugin-container,22413,22413
58,/opt/firefox31/plugin-container,22413,22415
59,/usr/bin/firefox,22437,22437
59,dconf worker,22437,22440
59,/usr/bin/dbus-launch,22441,22441
59,/usr/bin/firefox,22439,22439
59,/usr/bin/firefox,22437,22452
59,/usr/bin/firefox,22437,22456
59,/usr/bin/dbus-launch,22479,22479
59,/usr/bin/firefox,22437,22448
59,/usr/bin/firefox,22437,22447
59,/opt/firefox31/plugin-container,22488,22488
59,/opt/firefox31/plugin-container,22488,22490
59,/usr/bin/dbus-launch,22491,22491
59,sh,22493,22493
59,/bin/ps,22494,22494
59,/bin/grep,22495,22495
59,/opt/firefox31/plugin-container,22501,22501
59,/opt/firefox31/plugin-container,22501,22502
60,/usr/bin/firefox,22525,22525
60,dconf worker,22525,22528
60,/usr/bin/dbus-launch,22529,22529
60,/usr/bin/firefox,22527,22527
60,/usr/bin/firefox,22525,22540
60,/usr/bin/firefox,22525,22544
60,/usr/bin/dbus-launch,22568,22568
60,/usr/bin/firefox,22525,22536
60,/usr/bin/firefox,22525,22535
60,/opt/firefox31/plugin-container,22577,22577
60,/opt/firefox31/plugin-container,22577,22579
60,/usr/bin/dbus-launch,22580,22580
60,sh,22582,22582
60,/bin/ps,22583,22583
60,/bin/grep,22584,22584
60,/opt/firefox31/plugin-container,22590,22590
60,/opt/firefox31/plugin-container,22590,22591
61,/usr/bin/firefox,22613,22613
61,dconf worker,22613,22616
61,/usr/bin/dbus-launch,22617,22617
61,/usr/bin/firefox,22615,22615
61,/usr/bin/firefox,22613,22628
61,/usr/bin/firefox,22613,22632
61,/usr/bin/dbus-launch,22649,22649
61,/usr/bin/firefox,22613,22624
61,/usr/bin/firefox,22613,22623
61,/opt/firefox31/plugin-container,22658,22658
61,/opt/firefox31/plugin-container,22658,22660
61,/usr/bin/dbus-launch,22661,22661
61,sh,22663,22663
61,/bin/ps,22664,22664
61,/bin/grep,22665,22665
61,/opt/firefox31/plugin-container,22672,22672
61,/opt/firefox31/plugin-container,22672,22673
62,/usr/bin/firefox,22695,22695
62,dconf worker,22695,22698
62,/usr/bin/dbus-launch,22699,22699
62,/usr/bin/firefox,22697,22697
62,/usr/bin/firefox,22695,22710
62,/usr/bin/firefox,22695,22714
62,/usr/bin/dbus-launch,22742,22742
62,/usr/bin/firefox,22695,22706
62,/usr/bin/firefox,22695,22705
62,/opt/firefox31/plugin-container,22751,22751
62,/opt/firefox31/plugin-container,22751,22753
62,/usr/bin/dbus-launch,22754,22754
62,sh,22756,22756
62,/bin/ps,22757,22757
62,/bin/grep,22758,22758
62,/opt/firefox31/plugin-container,22764,22764
62,/opt/firefox31/plugin-container,22764,22765
63,/usr/bin/firefox,22788,22788
63,dconf worker,22788,22791
63,/usr/bin/dbus-launch,22792,22792
63,/usr/bin/firefox,22790,22790
63,/usr/bin/firefox,22788,22803
63,/usr/bin/firefox,22788,22807
63,/usr/bin/dbus-launch,22829,22829
63,/usr/bin/firefox,22788,22799
63,/usr/bin/firefox,22788,22798
63,/opt/firefox31/plugin-container,22839,22839
63,/opt/firefox31/plugin-container,22839,22841
63,/usr/bin/dbus-launch,22842,22842
63,sh,22844,22844
63,/bin/ps,22845,22845
63,/bin/grep,22846,22846
63,/opt/firefox31/plugin-container,22852,22852
63,/opt/firefox31/plugin-container,22852,22853
64,/usr/bin/firefox,22875,22875
64,dconf worker,22875,22878
64,/usr/bin/dbus-launch,22879,22879
64,/usr/bin/firefox,22877,22877
64,/usr/bin/firefox,22875,22890
64,/usr/bin/firefox,22875,22894
64,/usr/bin/dbus-launch,22919,22919
64,/usr/bin/firefox,22875,22886
64,/usr/bin/firefox,22875,22885
64,/opt/firefox31/plugin-container,22928,22928
64,/opt/firefox31/plugin-container,22928,22930
64,/usr/bin/dbus-launch,22931,22931
64,sh,22933,22933
64,/bin/ps,22934,22934
64,/bin/grep,22935,22935
64,/opt/firefox31/plugin-container,22941,22941
64,/opt/firefox31/plugin-container,22941,22943
65,/usr/bin/firefox,22965,22965
65,dconf worker,22965,22968
65,/usr/bin/dbus-launch,22969,22969
65,/usr/bin/firefox,22967,22967
65,/usr/bin/firefox,22965,22980
65,/usr/bin/firefox,22965,22984
65,/usr/bin/dbus-launch,23003,23003
65,/usr/bin/firefox,22965,22976
65,/usr/bin/firefox,22965,22975
65,/opt/firefox31/plugin-container,23012,23012
65,/opt/firefox31/plugin-container,23012,23014
65,/usr/bin/dbus-launch,23015,23015
65,sh,23017,23017
65,/bin/ps,23018,23018
65,/bin/grep,23019,23019
65,/opt/firefox31/plugin-container,23025,23025
65,/opt/firefox31/plugin-container,23025,23026
66,/usr/bin/firefox,23049,23049
66,dconf worker,23049,23052
66,/usr/bin/dbus-launch,23053,23053
66,/usr/bin/firefox,23051,23051
66,/usr/bin/firefox,23049,23064
66,/usr/bin/firefox,23049,23068
66,/usr/bin/dbus-launch,23097,23097
66,/usr/bin/firefox,23049,23060
66,/usr/bin/firefox,23049,23059
66,/opt/firefox31/plugin-container,23106,23106
66,/opt/firefox31/plugin-container,23106,23108
66,/usr/bin/dbus-launch,23109,23109
66,sh,23111,23111
66,/bin/ps,23112,23112
66,/bin/grep,23113,23113
66,/opt/firefox31/plugin-container,23119,23119
66,/opt/firefox31/plugin-container,23119,23120
67,/usr/bin/firefox,23143,23143
67,dconf worker,23143,23146
67,/usr/bin/dbus-launch,23147,23147
67,/usr/bin/firefox,23145,23145
67,/usr/bin/firefox,23143,23158
67,/usr/bin/firefox,23143,23162
67,/usr/bin/dbus-launch,23184,23184
67,/usr/bin/firefox,23143,23154
67,/usr/bin/firefox,23143,23153
67,/opt/firefox31/plugin-container,23193,23193
67,/opt/firefox31/plugin-container,23193,23195
67,/usr/bin/dbus-launch,23196,23196
67,sh,23198,23198
67,/bin/ps,23199,23199
67,/bin/grep,23200,23200
67,/opt/firefox31/plugin-container,23206,23206
67,/opt/firefox31/plugin-container,23206,23207
68,/usr/bin/firefox,23230,23230
68,dconf worker,23230,23233
68,/usr/bin/dbus-launch,23234,23234
68,/usr/bin/firefox,23232,23232
68,/usr/bin/firefox,23230,23245
68,/usr/bin/firefox,23230,23249
68,/usr/bin/dbus-launch,23271,23271
68,/usr/bin/firefox,23230,23241
68,/usr/bin/firefox,23230,23240
68,/opt/firefox31/plugin-container,23280,23280
68,/opt/firefox31/plugin-container,23280,23282
68,/usr/bin/dbus-launch,23283,23283
68,sh,23285,23285
68,/bin/ps,23286,23286
68,/bin/grep,23287,23287
68,/opt/firefox31/plugin-container,23293,23293
68,/opt/firefox31/plugin-container,23293,23294
69,/usr/bin/firefox,23316,23316
69,dconf worker,23316,23319
69,/usr/bin/dbus-launch,23320,23320
69,/usr/bin/firefox,23318,23318
69,/usr/bin/firefox,23316,23331
69,/usr/bin/firefox,23316,23335
69,/usr/bin/dbus-launch,23364,23364
69,/usr/bin/firefox,23316,23327
69,/usr/bin/firefox,23316,23326
69,/opt/firefox31/plugin-container,23373,23373
69,/opt/firefox31/plugin-container,23373,23375
69,/usr/bin/dbus-launch,23376,23376
69,sh,23378,23378
69,/bin/ps,23379,23379
69,/bin/grep,23380,23380
69,/opt/firefox31/plugin-container,23386,23386
69,/opt/firefox31/plugin-container,23386,23387
70,/usr/bin/firefox,23409,23409
70,dconf worker,23409,23412
70,/usr/bin/dbus-launch,23413,23413
70,/usr/bin/firefox,23411,23411
70,/usr/bin/firefox,23409,23424
70,/usr/bin/firefox,23409,23428
70,/usr/bin/dbus-launch,23451,23451
70,/usr/bin/firefox,23409,23420
70,/usr/bin/firefox,23409,23419
70,/opt/firefox31/plugin-container,23460,23460
70,/opt/firefox31/plugin-container,23460,23462
70,/usr/bin/dbus-launch,23463,23463
70,sh,23465,23465
70,/bin/ps,23466,23466
70,/bin/grep,23467,23467
70,/opt/firefox31/plugin-container,23473,23473
70,/opt/firefox31/plugin-container,23473,23474
71,/usr/bin/firefox,23497,23497
71,dconf worker,23497,23500
71,/usr/bin/dbus-launch,23501,23501
71,/usr/bin/firefox,23499,23499
71,/usr/bin/firefox,23497,23512
71,/usr/bin/firefox,23497,23516
71,/usr/bin/dbus-launch,23535,23535
71,/usr/bin/firefox,23497,23508
71,/usr/bin/firefox,23497,23507
71,/opt/firefox31/plugin-container,23544,23544
71,/opt/firefox31/plugin-container,23544,23546
71,/usr/bin/dbus-launch,23547,23547
71,sh,23549,23549
71,/bin/ps,23550,23550
71,/bin/grep,23551,23551
71,/opt/firefox31/plugin-container,23557,23557
71,/opt/firefox31/plugin-container,23557,23558
72,/usr/bin/firefox,23580,23580
72,dconf worker,23580,23583
72,/usr/bin/dbus-launch,23584,23584
72,/usr/bin/firefox,23582,23582
72,/usr/bin/firefox,23580,23595
72,/usr/bin/firefox,23580,23599
72,/usr/bin/dbus-launch,23618,23618
72,/usr/bin/firefox,23580,23591
72,/usr/bin/firefox,23580,23590
72,/opt/firefox31/plugin-container,23628,23628
72,/opt/firefox31/plugin-container,23628,23630
72,/usr/bin/dbus-launch,23631,23631
72,sh,23633,23633
72,/bin/ps,23634,23634
72,/bin/grep,23635,23635
72,/opt/firefox31/plugin-container,23643,23643
72,/opt/firefox31/plugin-container,23643,23644
73,/usr/bin/firefox,23666,23666
73,dconf worker,23666,23669
73,/usr/bin/dbus-launch,23670,23670
73,/usr/bin/firefox,23668,23668
73,/usr/bin/firefox,23666,23681
73,/usr/bin/firefox,23666,23685
73,/usr/bin/dbus-launch,23707,23707
73,/usr/bin/firefox,23666,23677
73,/usr/bin/firefox,23666,23676
73,/opt/firefox31/plugin-container,23716,23716
73,/opt/firefox31/plugin-container,23716,23718
73,/usr/bin/dbus-launch,23719,23719
73,sh,23721,23721
73,/bin/ps,23722,23722
73,/bin/grep,23723,23723
73,/opt/firefox31/plugin-container,23729,23729
73,/opt/firefox31/plugin-container,23729,23730
74,/usr/bin/firefox,23753,23753
74,dconf worker,23753,23756
74,/usr/bin/dbus-launch,23757,23757
74,/usr/bin/firefox,23755,23755
74,/usr/bin/firefox,23753,23768
74,/usr/bin/firefox,23753,23772
74,/usr/bin/dbus-launch,23796,23796
74,/usr/bin/firefox,23753,23764
74,/usr/bin/firefox,23753,23763
74,/opt/firefox31/plugin-container,23805,23805
74,/opt/firefox31/plugin-container,23805,23807
74,/usr/bin/dbus-launch,23808,23808
74,sh,23810,23810
74,/bin/ps,23811,23811
74,/bin/grep,23812,23812
74,/opt/firefox31/plugin-container,23818,23818
74,/opt/firefox31/plugin-container,23818,23819
75,/usr/bin/firefox,23841,23841
75,dconf worker,23841,23844
75,/usr/bin/dbus-launch,23845,23845
75,/usr/bin/firefox,23843,23843
75,/usr/bin/firefox,23841,23857
75,/usr/bin/firefox,23841,23861
75,/usr/bin/dbus-launch,23883,23883
75,/usr/bin/firefox,23841,23852
75,/usr/bin/firefox,23841,23851
75,/opt/firefox31/plugin-container,23892,23892
75,/opt/firefox31/plugin-container,23892,23894
75,/usr/bin/dbus-launch,23895,23895
75,sh,23897,23897
75,/bin/ps,23898,23898
75,/bin/grep,23899,23899
75,/opt/firefox31/plugin-container,23905,23905
75,/opt/firefox31/plugin-container,23905,23906
76,/usr/bin/firefox,23929,23929
76,dconf worker,23929,23932
76,/usr/bin/dbus-launch,23933,23933
76,/usr/bin/firefox,23931,23931
76,/usr/bin/firefox,23929,23944
76,/usr/bin/firefox,23929,23948
76,/usr/bin/dbus-launch,23976,23976
76,/usr/bin/firefox,23929,23940
76,/usr/bin/firefox,23929,23939
76,/opt/firefox31/plugin-container,23985,23985
76,/opt/firefox31/plugin-container,23985,23987
76,/usr/bin/dbus-launch,23988,23988
76,sh,23990,23990
76,/bin/ps,23991,23991
76,/bin/grep,23992,23992
76,/opt/firefox31/plugin-container,23998,23998
76,/opt/firefox31/plugin-container,23998,23999
77,/usr/bin/firefox,24022,24022
77,dconf worker,24022,24025
77,/usr/bin/dbus-launch,24026,24026
77,/usr/bin/firefox,24024,24024
77,/usr/bin/firefox,24022,24037
77,/usr/bin/firefox,24022,24041
77,/usr/bin/dbus-launch,24058,24058
77,/usr/bin/firefox,24022,24033
77,/usr/bin/firefox,24022,24032
77,/opt/firefox31/plugin-container,24067,24067
77,/opt/firefox31/plugin-container,24067,24069
77,/usr/bin/dbus-launch,24070,24070
77,sh,24072,24072
77,/bin/ps,24073,24073
77,/bin/grep,24074,24074
77,/opt/firefox31/plugin-container,24080,24080
77,/opt/firefox31/plugin-container,24080,24081
78,/usr/bin/firefox,24103,24103
78,dconf worker,24103,24106
78,/usr/bin/dbus-launch,24107,24107
78,/usr/bin/firefox,24105,24105
78,/usr/bin/firefox,24103,24118
78,/usr/bin/firefox,24103,24122
78,/usr/bin/dbus-launch,24145,24145
78,/usr/bin/firefox,24103,24114
78,/usr/bin/firefox,24103,24113
78,/opt/firefox31/plugin-container,24154,24154
78,/opt/firefox31/plugin-container,24154,24156
78,/usr/bin/dbus-launch,24157,24157
78,sh,24159,24159
78,/bin/ps,24160,24160
78,/bin/grep,24161,24161
78,/opt/firefox31/plugin-container,24167,24167
78,/opt/firefox31/plugin-container,24167,24168
79,/usr/bin/firefox,24191,24191
79,dconf worker,24191,24194
79,/usr/bin/dbus-launch,24195,24195
79,/usr/bin/firefox,24193,24193
79,/usr/bin/firefox,24191,24206
79,/usr/bin/firefox,24191,24210
79,/usr/bin/dbus-launch,24232,24232
79,/usr/bin/firefox,24191,24202
79,/usr/bin/firefox,24191,24201
79,/opt/firefox31/plugin-container,24241,24241
79,/opt/firefox31/plugin-container,24241,24243
79,/usr/bin/dbus-launch,24244,24244
79,sh,24246,24246
79,/bin/ps,24247,24247
79,/bin/grep,24248,24248
79,/opt/firefox31/plugin-container,24254,24254
79,/opt/firefox31/plugin-container,24254,24255
80,/usr/bin/firefox,24277,24277
80,dconf worker,24277,24280
80,/usr/bin/dbus-launch,24281,24281
80,/usr/bin/firefox,24279,24279
80,/usr/bin/firefox,24277,24292
80,/usr/bin/firefox,24277,24296
80,/usr/bin/dbus-launch,24321,24321
80,/usr/bin/firefox,24277,24288
80,/usr/bin/firefox,24277,24287
80,/opt/firefox31/plugin-container,24330,24330
80,/opt/firefox31/plugin-container,24330,24332
80,/usr/bin/dbus-launch,24333,24333
80,sh,24335,24335
80,/bin/ps,24336,24336
80,/bin/grep,24337,24337
80,/opt/firefox31/plugin-container,24343,24343
80,/opt/firefox31/plugin-container,24343,24344
81,/usr/bin/firefox,24366,24366
81,dconf worker,24366,24369
81,/usr/bin/dbus-launch,24370,24370
81,/usr/bin/firefox,24368,24368
81,/usr/bin/firefox,24366,24381
81,/usr/bin/firefox,24366,24385
81,/usr/bin/dbus-launch,24405,24405
81,/usr/bin/firefox,24366,24377
81,/usr/bin/firefox,24366,24376
81,/opt/firefox31/plugin-container,24414,24414
81,/opt/firefox31/plugin-container,24414,24416
81,/usr/bin/dbus-launch,24417,24417
81,sh,24419,24419
81,/bin/ps,24420,24420
81,/bin/grep,24421,24421
81,/opt/firefox31/plugin-container,24427,24427
81,/opt/firefox31/plugin-container,24427,24428
82,/usr/bin/firefox,24451,24451
82,dconf worker,24451,24454
82,/usr/bin/dbus-launch,24455,24455
82,/usr/bin/firefox,24453,24453
82,/usr/bin/firefox,24451,24466
82,/usr/bin/firefox,24451,24470
82,/usr/bin/dbus-launch,24496,24496
82,/usr/bin/firefox,24451,24462
82,/usr/bin/firefox,24451,24461
82,/opt/firefox31/plugin-container,24505,24505
82,/opt/firefox31/plugin-container,24505,24507
82,/usr/bin/dbus-launch,24508,24508
82,sh,24510,24510
82,/bin/ps,24511,24511
82,/bin/grep,24512,24512
82,/opt/firefox31/plugin-container,24518,24518
82,/opt/firefox31/plugin-container,24518,24519
83,/usr/bin/firefox,24541,24541
83,dconf worker,24541,24544
83,/usr/bin/dbus-launch,24545,24545
83,/usr/bin/firefox,24543,24543
83,/usr/bin/firefox,24541,24556
83,/usr/bin/firefox,24541,24560
83,/usr/bin/dbus-launch,24585,24585
83,/usr/bin/firefox,24541,24552
83,/usr/bin/firefox,24541,24551
83,/opt/firefox31/plugin-container,24594,24594
83,/opt/firefox31/plugin-container,24594,24596
83,/usr/bin/dbus-launch,24597,24597
83,sh,24599,24599
83,/bin/ps,24600,24600
83,/bin/grep,24601,24601
84,/usr/bin/firefox,24621,24621
84,dconf worker,24621,24624
84,/usr/bin/dbus-launch,24625,24625
84,/usr/bin/firefox,24623,24623
84,/usr/bin/firefox,24621,24636
84,/usr/bin/firefox,24621,24640
84,/usr/bin/dbus-launch,24664,24664
84,/usr/bin/firefox,24621,24632
84,/usr/bin/firefox,24621,24631
84,/opt/firefox31/plugin-container,24674,24674
84,/opt/firefox31/plugin-container,24674,24676
84,/usr/bin/dbus-launch,24677,24677
84,sh,24679,24679
84,/bin/ps,24680,24680
84,/bin/grep,24681,24681
84,/opt/firefox31/plugin-container,24687,24687
84,/opt/firefox31/plugin-container,24687,24689
85,/usr/bin/firefox,24712,24712
85,dconf worker,24712,24715
85,/usr/bin/dbus-launch,24716,24716
85,/usr/bin/firefox,24714,24714
85,/usr/bin/firefox,24712,24727
85,/usr/bin/firefox,24712,24731
85,/usr/bin/dbus-launch,24751,24751
85,/usr/bin/firefox,24712,24723
85,/usr/bin/firefox,24712,24722
85,/opt/firefox31/plugin-container,24761,24761
85,/opt/firefox31/plugin-container,24761,24763
85,/usr/bin/dbus-launch,24764,24764
85,sh,24766,24766
85,/bin/ps,24767,24767
85,/bin/grep,24768,24768
85,/opt/firefox31/plugin-container,24774,24774
85,/opt/firefox31/plugin-container,24774,24775
86,/usr/bin/firefox,24797,24797
86,dconf worker,24797,24800
86,/usr/bin/dbus-launch,24801,24801
86,/usr/bin/firefox,24799,24799
86,/usr/bin/firefox,24797,24812
86,/usr/bin/firefox,24797,24816
86,/usr/bin/dbus-launch,24844,24844
86,/usr/bin/firefox,24797,24808
86,/usr/bin/firefox,24797,24807
86,/opt/firefox31/plugin-container,24853,24853
86,/opt/firefox31/plugin-container,24853,24855
86,/usr/bin/dbus-launch,24856,24856
86,sh,24858,24858
86,/bin/ps,24859,24859
86,/bin/grep,24860,24860
86,/opt/firefox31/plugin-container,24866,24866
86,/opt/firefox31/plugin-container,24866,24867
87,/usr/bin/firefox,24890,24890
87,dconf worker,24890,24893
87,/usr/bin/dbus-launch,24894,24894
87,/usr/bin/firefox,24892,24892
87,/usr/bin/firefox,24890,24905
87,/usr/bin/firefox,24890,24909
87,/usr/bin/dbus-launch,24932,24932
87,/usr/bin/firefox,24890,24901
87,/usr/bin/firefox,24890,24900
87,/opt/firefox31/plugin-container,24941,24941
87,/opt/firefox31/plugin-container,24941,24943
87,/usr/bin/dbus-launch,24944,24944
87,sh,24946,24946
87,/bin/ps,24947,24947
87,/bin/grep,24948,24948
87,/opt/firefox31/plugin-container,24954,24954
87,/opt/firefox31/plugin-container,24954,24955
88,/usr/bin/firefox,24978,24978
88,dconf worker,24978,24981
88,/usr/bin/dbus-launch,24982,24982
88,/usr/bin/firefox,24980,24980
88,/usr/bin/firefox,24978,24993
88,/usr/bin/firefox,24978,24997
88,/usr/bin/dbus-launch,25018,25018
88,/usr/bin/firefox,24978,24989
88,/usr/bin/firefox,24978,24988
88,/opt/firefox31/plugin-container,25027,25027
88,/opt/firefox31/plugin-container,25027,25029
88,/usr/bin/dbus-launch,25030,25030
88,sh,25032,25032
88,/bin/ps,25033,25033
88,/bin/grep,25034,25034
89,/usr/bin/firefox,25053,25053
89,dconf worker,25053,25056
89,/usr/bin/dbus-launch,25057,25057
89,/usr/bin/firefox,25055,25055
89,/usr/bin/firefox,25053,25068
89,/usr/bin/firefox,25053,25072
89,/usr/bin/dbus-launch,25096,25096
89,/usr/bin/firefox,25053,25064
89,/usr/bin/firefox,25053,25063
89,/opt/firefox31/plugin-container,25105,25105
89,/opt/firefox31/plugin-container,25105,25107
89,/usr/bin/dbus-launch,25108,25108
89,sh,25110,25110
89,/bin/ps,25111,25111
89,/bin/grep,25112,25112
89,/opt/firefox31/plugin-container,25118,25118
89,/opt/firefox31/plugin-container,25118,25119
90,/usr/bin/firefox,25142,25142
90,dconf worker,25142,25145
90,/usr/bin/dbus-launch,25146,25146
90,/usr/bin/firefox,25144,25144
90,/usr/bin/firefox,25142,25157
90,/usr/bin/firefox,25142,25161
90,/usr/bin/dbus-launch,25182,25182
90,/usr/bin/firefox,25142,25153
90,/usr/bin/firefox,25142,25152
90,/opt/firefox31/plugin-container,25191,25191
90,/opt/firefox31/plugin-container,25191,25193
90,/usr/bin/dbus-launch,25194,25194
90,sh,25196,25196
90,/bin/ps,25197,25197
90,/bin/grep,25198,25198
90,/opt/firefox31/plugin-container,25204,25204
90,/opt/firefox31/plugin-container,25204,25205
91,/usr/bin/firefox,25227,25227
91,dconf worker,25227,25230
91,/usr/bin/dbus-launch,25231,25231
91,/usr/bin/firefox,25229,25229
91,/usr/bin/firefox,25227,25242
91,/usr/bin/firefox,25227,25246
91,/usr/bin/dbus-launch,25268,25268
91,/usr/bin/firefox,25227,25238
91,/usr/bin/firefox,25227,25237
91,/opt/firefox31/plugin-container,25279,25279
91,/opt/firefox31/plugin-container,25279,25281
91,/usr/bin/dbus-launch,25282,25282
91,sh,25284,25284
91,/bin/ps,25285,25285
91,/bin/grep,25286,25286
91,/opt/firefox31/plugin-container,25292,25292
91,/opt/firefox31/plugin-container,25292,25293
92,/usr/bin/firefox,25315,25315
92,dconf worker,25315,25318
92,/usr/bin/dbus-launch,25319,25319
92,/usr/bin/firefox,25317,25317
92,/usr/bin/firefox,25315,25330
92,/usr/bin/firefox,25315,25334
92,/usr/bin/dbus-launch,25359,25359
92,/usr/bin/firefox,25315,25326
92,/usr/bin/firefox,25315,25325
92,/opt/firefox31/plugin-container,25368,25368
92,/opt/firefox31/plugin-container,25368,25370
92,/usr/bin/dbus-launch,25371,25371
92,sh,25373,25373
92,/bin/ps,25374,25374
92,/bin/grep,25375,25375
92,/opt/firefox31/plugin-container,25381,25381
92,/opt/firefox31/plugin-container,25381,25382
93,/usr/bin/firefox,25405,25405
93,dconf worker,25405,25408
93,/usr/bin/dbus-launch,25409,25409
93,/usr/bin/firefox,25407,25407
93,/usr/bin/firefox,25405,25420
93,/usr/bin/firefox,25405,25424
93,/usr/bin/dbus-launch,25449,25449
93,/usr/bin/firefox,25405,25412
93,/usr/bin/firefox,25405,25411
93,/opt/firefox31/plugin-container,25458,25458
93,/opt/firefox31/plugin-container,25458,25460
93,/usr/bin/dbus-launch,25461,25461
93,sh,25463,25463
93,/bin/ps,25464,25464
93,/bin/grep,25465,25465
93,/opt/firefox31/plugin-container,25471,25471
93,/opt/firefox31/plugin-container,25471,25472
94,/usr/bin/firefox,25494,25494
94,dconf worker,25494,25497
94,/usr/bin/dbus-launch,25498,25498
94,/usr/bin/firefox,25496,25496
94,/usr/bin/firefox,25494,25509
94,/usr/bin/firefox,25494,25513
94,/usr/bin/dbus-launch,25533,25533
94,/usr/bin/firefox,25494,25505
94,/usr/bin/firefox,25494,25504
94,/opt/firefox31/plugin-container,25542,25542
94,/opt/firefox31/plugin-container,25542,25544
94,/usr/bin/dbus-launch,25545,25545
94,sh,25547,25547
94,/bin/ps,25548,25548
94,/bin/grep,25549,25549
94,/opt/firefox31/plugin-container,25555,25555
94,/opt/firefox31/plugin-container,25555,25557
95,/usr/bin/firefox,25579,25579
95,dconf worker,25579,25582
95,/usr/bin/dbus-launch,25583,25583
95,/usr/bin/firefox,25581,25581
95,/usr/bin/firefox,25579,25594
95,/usr/bin/firefox,25579,25598
95,/usr/bin/dbus-launch,25617,25617
95,/usr/bin/firefox,25579,25590
95,/usr/bin/firefox,25579,25589
95,/opt/firefox31/plugin-container,25626,25626
95,/opt/firefox31/plugin-container,25626,25628
95,/usr/bin/dbus-launch,25629,25629
95,sh,25631,25631
95,/bin/ps,25632,25632
95,/bin/grep,25633,25633
95,/opt/firefox31/plugin-container,25639,25639
95,/opt/firefox31/plugin-container,25639,25640
96,/usr/bin/firefox,25663,25663
96,dconf worker,25663,25666
96,/usr/bin/dbus-launch,25667,25667
96,/usr/bin/firefox,25665,25665
96,/usr/bin/firefox,25663,25678
96,/usr/bin/firefox,25663,25682
96,/usr/bin/dbus-launch,25707,25707
96,/usr/bin/firefox,25663,25674
96,/usr/bin/firefox,25663,25673
96,/opt/firefox31/plugin-container,25716,25716
96,/opt/firefox31/plugin-container,25716,25718
96,/usr/bin/dbus-launch,25719,25719
96,sh,25721,25721
96,/bin/ps,25722,25722
96,/bin/grep,25723,25723
96,/opt/firefox31/plugin-container,25729,25729
96,/opt/firefox31/plugin-container,25729,25730
97,/usr/bin/firefox,25752,25752
97,dconf worker,25752,25755
97,/usr/bin/dbus-launch,25756,25756
97,/usr/bin/firefox,25754,25754
97,/usr/bin/firefox,25752,25767
97,/usr/bin/firefox,25752,25771
97,/usr/bin/dbus-launch,25796,25796
97,/usr/bin/firefox,25752,25763
97,/usr/bin/firefox,25752,25762
97,/opt/firefox31/plugin-container,25805,25805
97,/opt/firefox31/plugin-container,25805,25807
97,/usr/bin/dbus-launch,25808,25808
97,sh,25810,25810
97,/bin/ps,25811,25811
97,/bin/grep,25812,25812
97,/opt/firefox31/plugin-container,25818,25818
97,/opt/firefox31/plugin-container,25818,25819
98,/usr/bin/firefox,25842,25842
98,dconf worker,25842,25845
98,/usr/bin/dbus-launch,25846,25846
98,/usr/bin/firefox,25844,25844
98,/usr/bin/firefox,25842,25857
98,/usr/bin/firefox,25842,25861
98,/usr/bin/dbus-launch,25883,25883
98,/usr/bin/firefox,25842,25853
98,/usr/bin/firefox,25842,25852
98,/opt/firefox31/plugin-container,25892,25892
98,/opt/firefox31/plugin-container,25892,25894
98,/usr/bin/dbus-launch,25895,25895
98,sh,25897,25897
98,/bin/ps,25898,25898
98,/bin/grep,25899,25899
98,/opt/firefox31/plugin-container,25905,25905
98,/opt/firefox31/plugin-container,25905,25906
99,/usr/bin/firefox,25929,25929
99,dconf worker,25929,25932
99,/usr/bin/dbus-launch,25933,25933
99,/usr/bin/firefox,25931,25931
99,/usr/bin/firefox,25929,25944
99,/usr/bin/firefox,25929,25948
99,/usr/bin/dbus-launch,25971,25971
99,/usr/bin/firefox,25929,25940
99,/usr/bin/firefox,25929,25939
99,/opt/firefox31/plugin-container,25980,25980
99,/opt/firefox31/plugin-container,25980,25982
99,/usr/bin/dbus-launch,25983,25983
99,sh,25985,25985
99,/bin/ps,25986,25986
99,/bin/grep,25987,25987
99,/opt/firefox31/plugin-container,25993,25993
99,/opt/firefox31/plugin-container,25993,25994
